
	<!DOCTYPE project [
		<!ELEMENT project (objectids-table | current-scenario | duration | aggregation-period | truncated-mean | percentile)* >
	
		<!ELEMENT objectids-table (objectids-entry)* >
		<!ELEMENT objectids-entry (#PCDATA)>
		<!ELEMENT duration (#PCDATA)>
		<!ELEMENT truncated-mean (#PCDATA)>
		<!ELEMENT percentile (#PCDATA)>
		<!ELEMENT aggregation-period (#PCDATA)>
		<!ELEMENT current-scenario (#PCDATA)>
		<!ATTLIST duration
		    value CDATA #REQUIRED>
	    <!ATTLIST aggregation-period
		    value CDATA #REQUIRED>
		<!ATTLIST objectids-entry
		    objectid CDATA #REQUIRED
		    type CDATA #REQUIRED
		    value CDATA #REQUIRED
		    key CDATA #REQUIRED>
		<!ATTLIST truncated-mean
		    centered-interval CDATA #REQUIRED
		    percentage CDATA #REQUIRED>
		 <!ATTLIST percentile
		    percentage CDATA #REQUIRED>
	]>


<!--****** RUNTIME PROJECT ******--><project>
<!--****** CURRENT SCENARIO ******-->
<current-scenario>Demo1_SC_01_TestMe</current-scenario>
<!--****** OBJECTIDS ******-->
<objectids-table>
<objectids-entry key="" objectid="0" type="LG_HOST" value="localhost:7100"/>
<objectids-entry key="" objectid="1" type="ZONE" value="Default zone"/>
<objectids-entry key="Default zone¤Population1¤" objectid="2" type="POPULATION" value="Population1"/>
<objectids-entry key="Default zone¤Population1¤TestMeApp" objectid="3" type="VIRTUAL_USER" value="TestMeApp"/>
<objectids-entry key="Default zone¤Population1¤TestMeApp" objectid="4" type="BASIC_LOGICAL_CONTAINER" value="$parent=TestMeApp;$index=0"/>
<objectids-entry key="Default zone¤Population1¤TestMeApp" objectid="5" type="BASIC_LOGICAL_CONTAINER" value="f54e7628-cfeb-47a3-b558-40fde7d52376"/>
<objectids-entry key="Default zone¤Population1¤TestMeApp" objectid="6" type="HTTP_PAGE" value="55bdd432-99fd-4795-b32a-5c7b85336d0c"/>
<objectids-entry key="Default zone¤Population1¤TestMeApp" objectid="7" type="ACTION" value="1907aa1a-3b34-464d-a98a-60f57a85bf22"/>
<objectids-entry key="Default zone¤Population1¤TestMeApp" objectid="8" type="ACTION" value="adcba9f0-6668-4c52-80ed-abf5ff3dcd47"/>
<objectids-entry key="Default zone¤Population1¤TestMeApp" objectid="9" type="ACTION" value="37597411-c382-44e7-b4dd-1a61b0b5ef10"/>
<objectids-entry key="Default zone¤Population1¤TestMeApp" objectid="10" type="ACTION" value="4d7ea5f4-15c2-48ac-9285-04ab6e97ffb5"/>
<objectids-entry key="Default zone¤Population1¤TestMeApp" objectid="11" type="ACTION" value="8b481e28-47f5-4b42-85da-f748de1645af"/>
<objectids-entry key="Default zone¤Population1¤TestMeApp" objectid="12" type="ACTION" value="f9898e0b-fb0b-40c8-a5ff-ccd16538b32d"/>
<objectids-entry key="Default zone¤Population1¤TestMeApp" objectid="13" type="ACTION" value="0d747aeb-506f-4142-8aaf-574ac3074405"/>
<objectids-entry key="Default zone¤Population1¤TestMeApp" objectid="14" type="ACTION" value="682cce95-77ce-4a4a-b309-29b05df28c51"/>
<objectids-entry key="Default zone¤Population1¤TestMeApp" objectid="15" type="ACTION" value="37eeeeff-366e-4d6d-ae2e-fde8396d03ad"/>
<objectids-entry key="Default zone¤Population1¤TestMeApp" objectid="16" type="ACTION" value="e3ff70cb-b7f4-4554-ba2c-c06d64dee20d"/>
<objectids-entry key="Default zone¤Population1¤TestMeApp" objectid="17" type="ACTION" value="e3b98796-0c58-4631-ba38-f10f68b466f9"/>
<objectids-entry key="Default zone¤Population1¤TestMeApp" objectid="18" type="BASIC_LOGICAL_CONTAINER" value="$parent=TestMeApp;$index=1"/>
<objectids-entry key="Default zone¤Population1¤TestMeApp" objectid="19" type="BASIC_LOGICAL_CONTAINER" value="3ad11f2d-4040-4719-a490-bd2821a3f203"/>
<objectids-entry key="Default zone¤Population1¤TestMeApp" objectid="20" type="HTTP_PAGE" value="c0a8a717-e890-4a53-9d68-cd04ac1aea18"/>
<objectids-entry key="Default zone¤Population1¤TestMeApp" objectid="21" type="ACTION" value="d6a6581b-1770-425b-b2fb-114167bbcb9b"/>
<objectids-entry key="Default zone¤Population1¤TestMeApp" objectid="22" type="ACTION" value="5ead7724-2991-40a2-b38e-48bb635d00a7"/>
<objectids-entry key="Default zone¤Population1¤TestMeApp" objectid="23" type="ACTION" value="25d78ccb-cf1a-48b7-8d04-5e8acfcd36ea"/>
<objectids-entry key="Default zone¤Population1¤TestMeApp" objectid="24" type="ACTION" value="f586f819-493d-4fe1-b8d2-9b39d4bf48d4"/>
<objectids-entry key="Default zone¤Population1¤TestMeApp" objectid="25" type="ACTION" value="6298927c-b4aa-4167-886b-030740e6e419"/>
<objectids-entry key="Default zone¤Population1¤TestMeApp" objectid="26" type="ACTION" value="bd91875f-1fcf-41a6-9356-d5213c759eea"/>
<objectids-entry key="Default zone¤Population1¤TestMeApp" objectid="27" type="ACTION" value="3ca4d749-a471-4a6b-a4ad-df2fb2379ed7"/>
<objectids-entry key="Default zone¤Population1¤TestMeApp" objectid="28" type="ACTION" value="dd46f2db-05fc-4784-b389-4cb1871718bc"/>
<objectids-entry key="Default zone¤Population1¤TestMeApp" objectid="29" type="ACTION" value="fc2bb2f6-dc82-4bde-be0d-bb1fb52bfe7a"/>
<objectids-entry key="Default zone¤Population1¤TestMeApp" objectid="30" type="ACTION" value="a2947496-0a75-4e74-9d70-bdbd051e11ff"/>
<objectids-entry key="Default zone¤Population1¤TestMeApp" objectid="31" type="ACTION" value="5372b3e4-9b0f-4987-a8c6-4dc7e431c5d5"/>
<objectids-entry key="Default zone¤Population1¤TestMeApp" objectid="32" type="BASIC_LOGICAL_CONTAINER" value="$parent=TestMeApp;$index=2"/>
<objectids-entry key="Default zone¤Population1¤TestMeApp" objectid="33" type="BASIC_LOGICAL_CONTAINER" value="469e5783-d183-47c0-b596-3317573afd4a"/>
<objectids-entry key="Default zone¤Population1¤TestMeApp" objectid="34" type="HTTP_PAGE" value="d837a8d0-56eb-48f4-ab76-570576cd28f1"/>
<objectids-entry key="Default zone¤Population1¤TestMeApp" objectid="35" type="ACTION" value="c7a382ab-94cb-41ee-b2f2-8af0cfeedba9"/>
<objectids-entry key="Default zone¤Population1¤TestMeApp" objectid="36" type="ACTION" value="561dd04b-f437-46f5-8d79-3558915edd48"/>
<objectids-entry key="Default zone¤Population1¤TestMeApp" objectid="37" type="ACTION" value="4f923432-4253-4801-8f27-fadaac6bc622"/>
<objectids-entry key="Default zone¤Population1¤TestMeApp" objectid="38" type="ACTION" value="270f3797-e7f5-4427-84ff-146c28178c82"/>
<objectids-entry key="Default zone¤Population1¤TestMeApp" objectid="39" type="ACTION" value="3b0347eb-d2fd-40c6-a27a-5779262ce100"/>
<objectids-entry key="Default zone¤Population1¤TestMeApp" objectid="40" type="ACTION" value="862ca1f1-856c-4c37-83b3-1114d397cf6e"/>
<objectids-entry key="Default zone¤Population1¤TestMeApp" objectid="41" type="ACTION" value="17232bae-6d03-4aab-9ebd-e795cf52cc41"/>
<objectids-entry key="Default zone¤Population1¤TestMeApp" objectid="42" type="ACTION" value="21d6784b-b046-43c2-8dad-5c81c06693bf"/>
<objectids-entry key="Default zone¤Population1¤TestMeApp" objectid="43" type="ACTION" value="e9bc2a08-8748-41cc-97ab-34e723ebcb94"/>
<objectids-entry key="Default zone¤Population1¤TestMeApp" objectid="44" type="ACTION" value="17681b76-9daf-4f2f-8bab-a8e0ef16f38e"/>
<objectids-entry key="Default zone¤Population1¤TestMeApp" objectid="45" type="ACTION" value="2948b4b3-115e-4018-9469-f5a346ae87d3"/>
<objectids-entry key="Default zone¤Population1¤TestMeApp" objectid="46" type="ACTION" value="3e66d0ac-3986-42c1-9d7f-ea4fb5ba029a"/>
<objectids-entry key="Default zone¤Population1¤TestMeApp" objectid="47" type="ACTION" value="db47127d-f4a9-467d-8cbe-657d66aa1965"/>
<objectids-entry key="Default zone¤Population1¤TestMeApp" objectid="48" type="ACTION" value="8e21e9d9-6c1c-45dc-a191-1e0528290da8"/>
<objectids-entry key="Default zone¤Population1¤TestMeApp" objectid="49" type="ACTION" value="6ed7a242-277e-4da8-ac0b-8f934ad0c65c"/>
<objectids-entry key="Default zone¤Population1¤TestMeApp" objectid="50" type="ACTION" value="556c08c6-c519-448f-8eed-06562ddd4458"/>
<objectids-entry key="Default zone¤Population1¤TestMeApp" objectid="51" type="ACTION" value="a674fab1-7cea-46d7-a8ba-9377ffcaf38f"/>
<objectids-entry key="Default zone¤Population1¤TestMeApp" objectid="52" type="ACTION" value="ac0f1050-7f2e-4365-a4a8-42bb8fb4f58b"/>
<objectids-entry key="Default zone¤Population1¤TestMeApp" objectid="53" type="ACTION" value="19e143e9-5efb-4e9a-8a19-b90287b8c9a0"/>
<objectids-entry key="Default zone¤Population1¤TestMeApp" objectid="54" type="ACTION" value="6e6393bf-1cf0-4fd0-9361-f09af3f6b8b1"/>
<objectids-entry key="Default zone¤Population1¤TestMeApp" objectid="55" type="ACTION" value="261fb428-bfce-4001-919e-c2ef03455136"/>
<objectids-entry key="¤¤" objectid="56" type="MONITORED_HOST" value="NeoLoad"/>
<objectids-entry key="¤¤" objectid="57" type="MONITORCONNECTION" value="NeoLoad$NeoLoad"/>
<objectids-entry key="¤¤" objectid="58" type="MONITOR" value="NeoLoad$NeoLoad$UserLoad"/>
<objectids-entry key="¤¤" objectid="59" type="MONITOR" value="NeoLoad$NeoLoad$throughput"/>
<objectids-entry key="¤¤" objectid="60" type="MONITOR" value="NeoLoad$NeoLoad$Alerts"/>
<objectids-entry key="¤¤" objectid="61" type="MONITOR" value="NeoLoad$NeoLoad$CriticalAlerts"/>
<objectids-entry key="¤¤" objectid="62" type="MONITOR" value="NeoLoad$NeoLoad$WarningAlerts"/>
<objectids-entry key="¤¤" objectid="63" type="MONITOR" value="NeoLoad$NeoLoad$cpu"/>
<objectids-entry key="¤¤" objectid="64" type="THRESHOLD" value="NeoLoad$NeoLoad$b1cef809-89db-4749-8488-f9be1f72cf76"/>
<objectids-entry key="¤¤" objectid="65" type="MONITOR" value="NeoLoad$NeoLoad$memory"/>
<objectids-entry key="¤¤" objectid="66" type="THRESHOLD" value="NeoLoad$NeoLoad$ee8f215e-c4f4-40b6-b0d6-013e80fc5a98"/>
<objectids-entry key="¤¤" objectid="67" type="MONITOR" value="NeoLoad$NeoLoad$threadcount"/>
<objectids-entry key="¤¤" objectid="68" type="MONITOR" value="NeoLoad$NeoLoad$connectedlg"/>
<objectids-entry key="¤¤" objectid="69" type="MONITOR" value="NeoLoad$NeoLoad$totallgdisconnections"/>
<objectids-entry key="¤¤" objectid="70" type="THRESHOLD" value="NeoLoad$NeoLoad$fa69c5a5-6372-49d5-9260-cfaf5f960613"/>
<objectids-entry key="¤¤" objectid="71" type="MONITOR" value="NeoLoad$NeoLoad$totallgreconnections"/>
<objectids-entry key="¤¤" objectid="72" type="MONITOR" value="NeoLoad$NeoLoad$otcp.NeoLoad"/>
<objectids-entry key="¤¤" objectid="73" type="MONITOR" value="NeoLoad$NeoLoad$tcp.NeoLoad"/>
<objectids-entry key="¤¤" objectid="74" type="MONITOR" value="NeoLoad$NeoLoad$ibytesperinterface~NeoLoad~wlan0"/>
<objectids-entry key="¤¤" objectid="75" type="MONITOR" value="NeoLoad$NeoLoad$obytesperinterface~NeoLoad~wlan0"/>
<objectids-entry key="¤¤" objectid="76" type="MONITOR" value="NeoLoad$NeoLoad$ibytesperinterface~NeoLoad~eth0"/>
<objectids-entry key="¤¤" objectid="77" type="MONITOR" value="NeoLoad$NeoLoad$obytesperinterface~NeoLoad~eth0"/>
<objectids-entry key="¤¤" objectid="78" type="MONITOR" value="NeoLoad$NeoLoad$ibytesperinterface~NeoLoad~wlan2"/>
<objectids-entry key="¤¤" objectid="79" type="MONITOR" value="NeoLoad$NeoLoad$obytesperinterface~NeoLoad~wlan2"/>
<objectids-entry key="¤¤" objectid="80" type="MONITOR" value="NeoLoad$NeoLoad$nlwebdownload"/>
<objectids-entry key="¤¤" objectid="81" type="MONITOR" value="NeoLoad$NeoLoad$nlwebupload"/>
<objectids-entry key="¤¤" objectid="82" type="MONITOR" value="NeoLoad$NeoLoad$SapUserLoad"/>
<objectids-entry key="¤¤" objectid="83" type="MONITOR" value="NeoLoad$NeoLoad$zoneuserload~Default zone"/>
<objectids-entry key="¤¤" objectid="84" type="MONITOR" value="NeoLoad$NeoLoad$zoneuserloadperpopulation~Default zone~Population1"/>
<objectids-entry key="¤¤" objectid="85" type="MONITOR" value="NeoLoad$NeoLoad$zoneuserloadperpopulation~Default zone~Population1~TestMeApp"/>
<objectids-entry key="¤¤" objectid="86" type="MONITORED_HOST" value="LG localhost:7100"/>
<objectids-entry key="¤¤" objectid="87" type="MONITORCONNECTION" value="LG localhost:7100$NeoLoad"/>
<objectids-entry key="¤¤" objectid="88" type="MONITOR" value="LG localhost:7100$NeoLoad$lgcpu.localhost:7100"/>
<objectids-entry key="¤¤" objectid="89" type="THRESHOLD" value="LG localhost:7100$NeoLoad$1a206eca-63ae-42a3-8d2e-09b0ac0ad45d"/>
<objectids-entry key="¤¤" objectid="90" type="MONITOR" value="LG localhost:7100$NeoLoad$lgmemory.localhost:7100"/>
<objectids-entry key="¤¤" objectid="91" type="THRESHOLD" value="LG localhost:7100$NeoLoad$3107b978-05aa-48cf-9fc6-8b0ccb9ace2c"/>
<objectids-entry key="¤¤" objectid="92" type="MONITOR" value="LG localhost:7100$NeoLoad$lgthroughput.localhost:7100"/>
<objectids-entry key="¤¤" objectid="93" type="MONITOR" value="LG localhost:7100$NeoLoad$lguserloadperpopulation~localhost:7100"/>
<objectids-entry key="¤¤" objectid="94" type="MONITOR" value="LG localhost:7100$NeoLoad$lgthreadcount.localhost:7100"/>
<objectids-entry key="¤¤" objectid="95" type="MONITOR" value="LG localhost:7100$NeoLoad$lg.jetty.httpclient.threadpool.used.localhost:7100"/>
<objectids-entry key="¤¤" objectid="96" type="MONITOR" value="LG localhost:7100$NeoLoad$lg.jetty.httpclient.taskpool.used.localhost:7100"/>
<objectids-entry key="¤¤" objectid="97" type="THRESHOLD" value="LG localhost:7100$NeoLoad$98133bfd-0ca3-4a47-aa5a-774f602df458"/>
<objectids-entry key="¤¤" objectid="98" type="MONITOR" value="LG localhost:7100$NeoLoad$lgdisconnections.localhost:7100"/>
<objectids-entry key="¤¤" objectid="99" type="MONITOR" value="LG localhost:7100$NeoLoad$lgreconnections.localhost:7100"/>
<objectids-entry key="¤¤" objectid="100" type="MONITOR" value="LG localhost:7100$NeoLoad$lgping.localhost:7100"/>
<objectids-entry key="¤¤" objectid="101" type="MONITOR" value="LG localhost:7100$NeoLoad$lgotcp.localhost:7100"/>
<objectids-entry key="¤¤" objectid="102" type="MONITOR" value="LG localhost:7100$NeoLoad$lgtcp.localhost:7100"/>
<objectids-entry key="¤¤" objectid="103" type="MONITOR" value="LG localhost:7100$NeoLoad$lgibytesperinterface~localhost:7100~wlan0"/>
<objectids-entry key="¤¤" objectid="104" type="MONITOR" value="LG localhost:7100$NeoLoad$lgobytesperinterface~localhost:7100~wlan0"/>
<objectids-entry key="¤¤" objectid="105" type="MONITOR" value="LG localhost:7100$NeoLoad$lgibytesperinterface~localhost:7100~eth0"/>
<objectids-entry key="¤¤" objectid="106" type="MONITOR" value="LG localhost:7100$NeoLoad$lgobytesperinterface~localhost:7100~eth0"/>
<objectids-entry key="¤¤" objectid="107" type="MONITOR" value="LG localhost:7100$NeoLoad$lgibytesperinterface~localhost:7100~wlan2"/>
<objectids-entry key="¤¤" objectid="108" type="MONITOR" value="LG localhost:7100$NeoLoad$lgobytesperinterface~localhost:7100~wlan2"/>
</objectids-table>
<!--****** DURATION ******-->
<duration value="0"/>
<!--****** AGGREGATION PERIOD ******-->
<aggregation-period value="1000"/>
<!--****** EXTENDED STATISTICS ******-->
<truncated-mean centered-interval="true" percentage="90"/>
<percentile percentage="50"/>
</project>
